tweet_id,name,doggo,floofer,pupper,puppo
892420643555336193,Phineas,False,False,False,False
892177421306343426,Tilly,False,False,False,False
891815181378084864,Archie,False,False,False,False
891689557279858688,Darla,False,False,False,False
891327558926688256,Franklin,False,False,False,False
890971913173991426,Jax,False,False,False,False
890609185150312448,Zoey,False,False,False,False
890240255349198849,Cassie,True,False,False,False
890006608113172480,Koda,False,False,False,False
889880896479866881,Bruno,False,False,False,False
889665388333682689,,False,False,False,True
889638837579907072,Ted,False,False,False,False
889531135344209921,Stuart,False,False,False,True
889278841981685760,Oliver,False,False,False,False
888917238123831296,Jim,False,False,False,False
888804989199671297,Zeke,False,False,False,False
888554962724278272,Ralphus,False,False,False,False
888202515573088257,Canela,False,False,False,False
888078434458587136,Gerald,False,False,False,False
887705289381826560,Jeffrey,False,False,False,False
887473957103951883,Canela,False,False,False,False
886983233522544640,Maya,False,False,False,False
886736880519319552,Mingus,False,False,False,False
886680336477933568,Derek,False,False,False,False
886366144734445568,Roscoe,False,False,True,False
886258384151887873,Waffles,False,False,False,False
885984800019947520,Jimbo,False,False,False,False
885528943205470208,Maisey,False,False,False,False
885311592912609280,Lilly,False,False,False,False
884925521741709313,Earl,False,False,False,False
884876753390489601,Lola,False,False,False,False
884562892145688576,Kevin,False,False,False,False
884162670584377345,Yogi,True,False,False,False
883838122936631299,Noah,False,False,False,False
883482846933004288,Bella,False,False,False,False
883360690899218434,Grizzwald,False,True,False,False
882992080364220416,Rusty,False,False,False,False
882762694511734784,Gus,False,False,True,False
882627270321602560,Stanley,False,False,False,False
882268110199369728,Alfy,False,False,False,False
882045870035918850,Koko,False,False,False,False
881906580714921986,Rey,False,False,False,False
881666595344535552,Gary,False,False,False,False
881536004380872706,,False,False,True,False
881268444196462592,Elliot,False,False,False,False
880935762899988482,Louis,False,False,False,False
880465832366813184,Bella,False,False,False,False
880221127280381952,Jesse,False,False,False,False
879862464715927552,Romeo,False,False,False,False
879492040517615616,Bailey,False,False,False,False
879415818425184262,Duddles,False,False,False,False
879376492567855104,Jack,False,False,False,False
879130579576475649,Emmy,False,False,False,False
879050749262655488,Steven,False,False,False,False
879008229531029506,Beau,False,False,False,False
878776093423087618,Snoopy,False,False,False,True
878404777348136964,Shadow,False,False,False,False
878316110768087041,Terrance,False,False,False,False
878281511006478336,Shadow,False,False,False,False
878057613040115712,Emmy,False,False,False,False
877736472329191424,Aja,False,False,False,False
877611172832227328,,False,False,True,False
877556246731214848,Penny,False,False,False,False
877316821321428993,Dante,False,False,False,False
877201837425926144,Nelly,False,False,False,False
876838120628539392,Ginger,False,False,True,False
876484053909872640,Benedict,False,False,False,False
876120275196170240,Venti,False,False,False,False
875747767867523072,Goose,False,False,False,False
875144289856114688,Nugget,False,False,False,False
874680097055178752,Cash,False,False,False,False
874434818259525634,Coco,False,False,False,False
874296783580663808,Jed,False,False,True,False
874012996292530176,Sebastian,False,False,False,True
873697596434513921,Walter,False,False,False,False
873337748698140672,Sierra,False,False,True,False
873213775632977920,Sierra,False,False,True,False
872967104147763200,,True,False,False,False
872620804844003328,Monkey,False,False,False,False
872261713294495745,Harry,False,False,False,False
872122724285648897,Kody,False,False,False,False
871879754684805121,Lassie,False,False,False,False
871762521631449091,Rover,False,False,True,False
871515927908634625,Napolean,True,False,False,False
871166179821445120,Dawn,False,False,False,False
871102520638267392,,True,False,False,False
871032628920680449,Boomer,False,False,False,False
870656317836468226,Cody,False,False,False,False
870374049280663552,Zoey,False,False,False,False
870308999962521604,Rumble,False,False,False,False
870063196459192321,Clifford,False,False,False,False
869772420881756160,Dewey,False,False,False,False
869702957897576449,Stanley,False,False,False,False
869596645499047938,Scout,True,False,False,False
869227993411051520,Gizmo,False,False,False,False
868880397819494401,Walter,False,False,False,False
868639477480148993,Cooper,False,False,False,False
868552278524837888,Cooper,False,False,False,False
867774946302451713,Harold,False,False,False,False
867421006826221569,Shikha,False,False,False,True
866816280283807744,Jamesy,False,False,True,False
866686824827068416,Lili,False,False,False,False
866450705531457537,Jamesy,False,False,True,False
866334964761202691,Coco,False,False,False,False
866094527597207552,,False,False,True,False
865718153858494464,Boomer,False,False,False,False
865359393868664832,Sammy,False,False,False,False
865006731092295680,Nelly,False,False,False,False
864279568663928832,Meatball,False,False,False,False
864197398364647424,Paisley,False,False,False,False
863907417377173506,Albus,False,False,False,False
863553081350529029,Neptune,False,False,False,False
863471782782697472,Quinn,False,False,False,False
863432100342583297,Belle,False,False,False,False
863062471531167744,Quinn,False,False,False,False
862831371563274240,Zooey,False,False,False,False
862722525377298433,Dave,False,False,False,False
862457590147678208,Jersey,False,False,False,False
861383897657036800,Hobbes,False,False,False,False
861005113778896900,Burt,False,False,False,False
860981674716409858,Lorenzo,False,False,False,False
860563773140209665,Lorenzo,False,False,False,False
860524505164394496,Carl,False,False,False,False
860276583193509888,Jordy,False,False,False,False
859924526012018688,Milky,False,False,False,False
859851578198683649,Trooper,False,False,False,False
859607811541651456,,False,False,False,True
858860390427611136,Winston,False,False,False,False
858843525470990336,,True,False,False,False
858471635011153920,Sophie,False,False,False,False
858107933456039936,Wyatt,False,False,False,False
857989990357356544,Rosie,False,False,False,False
857746408056729600,Thor,False,False,False,False
857263160327368704,Oscar,False,False,False,False
857029823797047296,Zeke,False,False,False,False
856602993587888130,Luna,False,False,False,False
856543823941562368,Callie,False,False,False,False
856282028240666624,Cermet,False,False,False,False
855851453814013952,,False,False,False,True
855245323840757760,George,False,False,False,False
854732716440526848,Marlee,False,False,False,False
854482394044301312,Arya,False,False,False,False
854365224396361728,Einstein,False,False,False,False
854120357044912130,,False,False,True,False
854010172552949760,,False,True,False,False
853760880890318849,Alice,False,False,False,False
853299958564483072,Rumpole,False,False,False,False
852912242202992640,Benny,False,False,False,False
852672615818899456,Aspen,False,False,False,False
852553447878664193,Jarod,False,False,False,False
852311364735569921,Wiggles,False,False,False,False
852226086759018497,General,False,False,False,False
852189679701164033,Sailor,False,False,False,False
851953902622658560,Astrid,True,False,False,False
851464819735769094,Iggy,False,False,False,False
851224888060895234,Snoop,False,False,False,False
850753642995093505,Kyle,False,False,False,False
850380195714523136,Leo,False,False,False,False
850145622816686080,Riley,False,False,False,False
850019790995546112,Boomer,False,False,True,False
849668094696017920,Gidget,False,False,True,False
849412302885593088,Noosh,False,False,False,False
849051919805034497,Kevin,False,False,False,False
848324959059550208,Odin,False,False,False,False
848212111729840128,Jerry,False,False,False,False
847978865427394560,Charlie,False,False,False,False
847962785489326080,Georgie,False,False,False,False
847842811428974592,Rontu,False,False,False,False
847606175596138505,Cannon,False,False,False,False
847251039262605312,Furzey,False,False,False,False
847157206088847362,Daisy,False,False,False,False
846874817362120707,Tuck,False,False,False,False
846514051647705089,Barney,True,False,False,False
846153765933735936,Vixen,False,False,False,False
846042936437604353,Jarvis,False,False,False,False
845397057150107648,Mimosa,True,False,False,False
845306882940190720,Pickles,False,False,True,False
845098359547420673,Bungalo,False,False,False,False
844973813909606400,Brady,False,False,False,False
844704788403113984,Luna,False,False,False,False
844580511645339650,Charlie,False,False,False,False
844223788422217728,Margo,False,False,False,False
843856843873095681,Sadie,False,False,False,False
843604394117681152,Hank,False,False,False,False
843235543001513987,Tycho,False,False,False,False
842892208864923648,Stephan,False,False,False,False
842846295480000512,Charlie,False,False,False,False
842765311967449089,Indie,False,False,False,False
842535590457499648,Winnie,False,False,False,False
842163532590374912,George,False,False,False,False
842115215311396866,Bentley,False,False,False,False
841833993020538882,Ken,False,False,False,False
841680585030541313,Penny,False,False,False,False
841314665196081154,Max,False,False,False,False
841077006473256960,Dawn,False,False,False,False
840761248237133825,Maddie,False,False,False,False
840728873075638272,Pipsy,False,False,False,False
840632337062862849,Maddie,False,False,False,False
840268004936019968,Monty,False,False,False,False
839990271299457024,Sojourner,False,False,False,False
839549326359670784,Winston,False,False,False,False
839290600511926273,,False,False,True,False
839239871831150596,Odie,False,False,False,False
838921590096166913,Arlo,False,False,False,False
838831947270979586,Riley,False,False,False,False
838561493054533637,Walter,False,False,False,False
838476387338051585,Stanley,False,False,False,False
838201503651401729,Sunny,False,False,False,False
838083903487373313,Daisy,False,False,False,False
837820167694528512,,False,False,True,False
837482249356513284,Waffles,False,False,False,False
837471256429613056,Vincent,False,False,False,False
837366284874571778,Lucy,False,False,False,False
837110210464448512,Clark,False,False,True,False
836989968035819520,Mookie,False,False,False,False
836753516572119041,Meera,True,False,False,False
836677758902222849,Oliver,False,False,False,False
836397794269200385,Buddy,False,False,False,False
836380477523124226,Ava,False,False,True,False
836260088725786625,Lucy,False,False,False,False
835685285446955009,Rory,False,False,False,False
835574547218894849,Eli,False,False,False,False
835536468978302976,Lola,False,False,False,False
835297930240217089,Ash,False,False,False,False
835264098648616962,Lola,False,False,False,False
834931633769889797,Tucker,False,False,False,False
834786237630337024,Tobi,False,False,False,False
834574053763584002,,True,False,False,False
834477809192075265,Leo,False,False,False,False
834458053273591808,Chester,False,False,False,False
834209720923721728,Wilson,False,False,False,False
834167344700198914,Sunshine,False,False,False,False
834089966724603904,,True,False,False,False
834086379323871233,Lipton,False,False,False,False
833863086058651648,Bentley,False,False,False,False
833826103416520705,Charlie,False,False,False,False
833732339549220864,Gabby,False,False,False,False
833722901757046785,Bronte,False,False,False,False
833479644947025920,Poppy,False,False,False,False
833124694597443584,Gidget,False,False,True,False
832998151111966721,Rhino,True,False,False,False
832757312314028032,Willow,False,False,False,False
832636094638288896,Orion,False,False,False,False
832397543355072512,Eevee,False,False,False,False
832369877331693569,Charlie,False,False,False,False
832273440279240704,Smiley,True,False,False,False
832215909146226688,Logan,False,False,False,False
832215726631055365,Moreton,False,False,False,False
832040443403784192,Klein,False,False,False,False
832032802820481025,Miguel,True,False,False,False
831939777352105988,Emanuel,True,False,False,False
831911600680497154,Kuyu,False,False,False,False
831670449226514432,Daisy,False,False,False,False
831552930092285952,Dutch,False,False,False,False
831322785565769729,Pete,True,False,False,False
831315979191906304,,False,False,True,False
831309418084069378,Scooter,False,False,False,False
831262627380748289,Tucker,False,False,False,False
830956169170665475,Reggie,False,False,False,False
830583320585068544,Lilly,False,False,False,False
830173239259324417,Kyro,False,False,False,False
830097400375152640,Samson,False,False,False,False
829878982036299777,Loki,True,False,False,False
829861396166877184,Mia,False,False,False,False
829501995190984704,Leo,False,False,False,False
829449946868879360,,True,False,False,False
829374341691346946,Astrid,True,False,False,False
829141528400556032,Malcolm,False,False,False,False
829011960981237760,Dexter,False,False,False,False
828801551087042563,Gus,False,False,False,False
828770345708580865,Alfie,False,False,False,False
828708714936930305,Fiona,False,False,False,False
828409743546925057,Mutt,False,False,False,False
828408677031882754,Bear,False,False,False,False
828381636999917570,Doobert,True,False,False,False
828376505180889089,Beebop,False,False,False,False
828372645993398273,Alexander,False,False,False,False
828046555563323392,Sailer,False,False,False,False
828011680017821696,Brutus,False,False,False,False
827933404142436356,Kona,False,False,True,False
827653905312006145,Boots,False,False,False,False
827600520311402496,Tucker,False,False,False,False
827324948884643840,Ralphie,False,False,False,False
827228250799742977,Phil,False,False,False,False
827199976799354881,Charlie,False,False,False,False
826958653328592898,Loki,True,False,False,False
826848821049180160,Cupid,True,False,False,False
826598365270007810,Pawnd,False,False,False,False
826476773533745153,Pilot,True,False,False,False
826204788643753985,,True,False,False,False
826115272272650244,Ike,False,False,False,False
825876512159186944,Mo,False,False,False,False
825829644528148480,Toby,False,False,False,False
825535076884762624,,False,False,False,True
825147591692263424,Sweet,False,False,False,False
825120256414846976,Pablo,False,False,False,True
825026590719483904,Pablo,False,False,False,True
824796380199809024,Bailey,False,False,False,False
824775126675836928,Scooter,False,False,False,False
824663926340194305,Wilson,False,False,False,False
824325613288833024,,False,False,True,False
824297048279236611,Nala,False,False,False,False
823939628516474880,Cash,False,False,False,False
823719002937630720,Balto,False,False,False,False
823699002998870016,Winston,False,False,False,False
823581115634085888,Crawford,False,False,False,False
823322678127919110,Wyatt,False,False,False,False
822975315408461824,Albus,False,False,False,False
822872901745569793,,False,False,False,True
822859134160621569,Hobbes,False,False,False,False
822647212903690241,Paisley,False,False,False,False
822489057087389700,Paisley,False,False,False,False
822462944365645825,Gabe,False,False,True,False
822163064745328640,Mattie,False,False,False,False
821886076407029760,Jimison,False,False,False,False
821813639212650496,Hercules,False,False,False,False
821765923262631936,Duchess,True,False,False,False
821522889702862852,Harlso,False,False,False,False
821421320206483457,Sampson,True,False,False,False
821407182352777218,Sundance,True,False,False,False
821149554670182400,Luca,False,False,False,False
821107785811234820,,True,False,False,False
821044531881721856,Flash,False,False,False,False
820837357901512704,Finn,False,False,False,False
820749716845686786,Sunny,False,False,False,False
820446719150292993,Peaches,False,False,False,False
820013781606658049,Oliver,False,False,False,True
819952236453363712,Oliver,False,False,False,True
819924195358416896,,True,False,False,False
819711362133872643,Howie,False,False,False,False
819588359383371776,Jazzy,False,False,False,False
819347104292290561,Anna,False,False,False,False
819238181065359361,,False,False,True,False
819227688460238848,Finn,False,False,False,False
819015337530290176,Bo,True,False,False,False
819015331746349057,Sunny,True,False,False,False
819006400881917954,Sunny,True,False,False,False
819004803107983360,Bo,True,False,False,False
818646164899774465,Seamus,False,False,False,False
818627210458333184,Wafer,False,False,False,False
818614493328580609,Bear,False,False,False,False
818588835076603904,Chelsea,False,False,True,False
818536468981415936,Tom,False,False,False,False
818307523543449600,Moose,False,False,False,False
818259473185828864,Florence,False,False,False,False
818145370475810820,Autumn,False,False,False,False
817827839487737858,Buddy,False,False,False,False
817777686764523521,Dido,False,False,True,False
817536400337801217,Eugene,False,False,False,False
817502432452313088,Herschel,False,False,True,False
817423860136083457,Ken,False,False,False,False
817415592588222464,Strudel,False,False,False,False
817181837579653120,,False,False,True,False
817171292965273600,Tebow,False,False,False,False
817056546584727552,Chloe,False,False,False,False
816829038950027264,Betty,False,False,False,True
816816676327063552,Timber,False,False,False,False
816697700272001025,Binky,False,False,False,False
816450570814898180,Moose,False,False,False,False
816336735214911488,Dudley,False,False,False,False
816091915477250048,Comet,False,False,False,False
816062466425819140,Jack,False,False,False,False
816014286006976512,Larry,False,False,False,False
815990720817401858,Jack,False,False,False,False
815966073409433600,,False,False,True,False
815745968457060357,Levi,False,False,False,False
815736392542261248,Akumi,False,False,False,False
815639385530101762,Titan,False,False,False,False
814986499976527872,Cooper,False,False,True,False
814638523311648768,Olivia,False,False,False,False
814578408554463233,Beau,False,False,False,False
814530161257443328,Alf,False,False,False,False
814153002265309185,Oshie,False,False,False,False
813944609378369540,Bruce,False,False,False,False
813910438903693312,Chubbs,True,False,False,False
813812741911748608,Gary,False,False,False,False
813800681631023104,Sky,False,False,False,False
813217897535406080,Atlas,False,False,False,False
813202720496779264,,True,False,False,False
813172488309972993,Eleanor,False,False,False,False
813157409116065792,Layla,False,False,False,False
813127251579564032,,True,False,False,False
813112105746448384,Toby,False,False,False,False
813096984823349248,Rocky,True,False,False,False
813081950185472002,Baron,False,False,False,False
813066809284972545,Tyr,False,False,False,False
813051746834595840,Bauer,False,False,False,False
812781120811126785,Swagger,False,False,False,False
812747805718642688,Sammy,False,False,False,False
812709060537683968,Brandi,False,False,False,False
812466873996607488,Mary,False,False,False,False
812372279581671427,Moe,False,False,False,False
811985624773361665,Ted,False,False,False,False
811744202451197953,Halo,False,False,False,False
811627233043480576,Augie,False,False,False,False
811386762094317568,Craig,False,False,True,False
810984652412424192,Sam,False,False,False,False
810896069567610880,Hunter,False,False,False,False
810657578271330305,Pavlov,False,False,False,False
810284430598270976,Phil,False,False,False,False
810254108431155201,Gus,False,False,False,False
809808892968534016,Maximus,False,False,False,False
809220051211603969,Kyro,False,False,False,False
809084759137812480,Wallace,False,False,False,False
808838249661788160,Ito,False,False,False,False
808733504066486276,,False,False,True,False
808501579447930884,Koda,False,False,False,False
808344865868283904,Seamus,False,False,False,False
808134635716833280,Milo,False,False,False,False
808106460588765185,,True,False,True,False
808001312164028416,Cooper,False,False,False,False
807621403335917568,Ollie,False,False,True,False
807106840509214720,Stephan,False,False,False,False
807059379405148160,Cali,False,False,False,False
807010152071229440,Lennon,False,False,False,False
806542213899489280,Waffles,False,False,False,False
806242860592926720,Dave,False,False,False,False
805958939288408065,Penny,False,False,False,False
805932879469572096,Major,False,False,False,False
805826884734976000,Duke,False,False,False,False
805823200554876929,Reginald,False,False,False,True
805520635690676224,Zeke,False,False,False,False
805487436403003392,Sansa,False,False,False,False
805207613751304193,Shooter,False,False,False,False
804738756058218496,Django,False,False,False,False
804413760345620481,Rusty,False,False,False,False
804026241225523202,Bo,False,False,False,False
803773340896923648,Diogi,False,False,False,True
803638050916102144,,False,False,True,False
803380650405482500,Sonny,False,False,False,False
803321560782307329,Philbert,False,False,False,False
803276597545603072,Winston,False,False,False,False
802952499103731712,Marley,False,False,False,False
802600418706604034,Bailey,False,False,False,False
802572683846291456,Winnie,False,False,False,False
802323869084381190,Severus,False,False,False,False
802265048156610565,,True,False,True,False
802239329049477120,Loki,False,False,False,True
801958328846974976,Ronnie,False,False,False,False
801538201127157760,Wallace,False,False,False,False
801167903437357056,Milo,False,False,False,False
801127390143516673,Anakin,True,False,False,False
801115127852503040,Bones,False,False,True,False
800859414831898624,,True,False,False,False
800751577355128832,Mauve,False,False,False,False
800513324630806528,Chef,False,False,False,False
800459316964663297,,False,False,True,False
800443802682937345,Sampson,False,False,True,False
800388270626521089,Doc,False,True,False,False
800188575492947969,Bo,False,False,True,False
800141422401830912,Peaches,False,False,False,False
800018252395122689,,True,False,False,False
799774291445383169,Tucker,False,False,False,False
799757965289017345,Sobe,True,False,False,False
799422933579902976,Longfellow,False,False,False,False
799297110730567681,Jeffrey,False,False,False,False
799063482566066176,Mister,False,False,False,False
798933969379225600,Iroh,False,False,False,False
798925684722855936,Shadow,False,False,False,False
798705661114773508,Baloo,False,False,True,False
798697898615730177,Stubert,False,False,False,False
798686750113755136,Jack,False,False,False,False
798682547630837760,,False,False,True,False
798665375516884993,Lola,False,False,False,False
798644042770751489,Paull,False,False,False,False
798585098161549313,Timison,False,False,False,False
798340744599797760,Davey,False,False,False,False
798209839306514432,Cooper,False,False,False,False
797971864723324932,,False,False,True,False
797545162159308800,Cassie,False,False,False,False
797236660651966464,Pancake,False,False,False,False
796904159865868288,Tyrone,False,False,False,False
796865951799083009,Tyr,False,False,False,False
796759840936919040,Romeo,False,False,False,False
796563435802726400,,False,False,False,True
796484825502875648,,True,False,False,False
796387464403357696,Snicku,False,False,False,False
796177847564038144,Ruby,False,False,False,False
796149749086875649,Ruby,False,False,False,False
796080075804475393,Yogi,False,False,False,False
796031486298386433,Daisy,False,False,False,False
795464331001561088,,True,False,False,False
795400264262053889,Brody,False,False,False,False
795076730285391872,Bailey,False,False,False,False
794983741416415232,Rizzy,False,False,False,False
794926597468000259,Mack,False,False,False,False
794355576146903043,Butter,False,False,False,False
794332329137291264,Nimbus,False,False,False,False
794205286408003585,Laika,False,False,True,False
793962221541933056,Maximus,False,False,False,False
793845145112371200,Clark,False,False,False,False
793601777308463104,Dobby,False,False,False,False
793500921481273345,Fiona,False,False,False,False
793286476301799424,Moreton,False,False,False,False
793271401113350145,Dave,False,False,False,False
793241302385262592,Tucker,False,False,False,False
793226087023144960,Juno,False,False,False,False
793210959003287553,Maude,False,False,False,False
793195938047070209,Lily,False,False,False,True
793180763617361921,Newt,False,False,False,False
793165685325201412,Benji,False,False,False,False
793150605191548928,Nida,False,False,False,False
793120401413079041,Robin,False,False,False,False
792883833364439040,Bailey,False,False,False,False
792773781206999040,Monster,False,False,False,False
792394556390137856,BeBe,False,False,False,False
792050063153438720,Remus,False,False,False,False
791821351946420224,,False,False,True,False
791780927877898241,Maddie,False,False,False,False
791406955684368384,Levi,False,False,False,False
791312159183634433,Mabel,False,False,False,False
791026214425268224,Alfie,False,False,False,False
790987426131050500,Misty,False,False,False,False
790946055508652032,Betty,False,False,False,True
790723298204217344,Happy,False,False,False,False
790698755171364864,Mosby,False,False,False,False
790581949425475584,Duke,False,False,False,False
790337589677002753,Maggie,False,False,False,False
790277117346975746,Bruce,False,False,False,False
790227638568808452,Leela,False,False,False,False
789986466051088384,Happy,False,False,False,False
789960241177853952,Buddy,False,False,False,False
789903600034189313,Ralphy,False,False,True,False
789628658055020548,Eli,False,False,False,False
789599242079838210,Brownie,False,False,False,False
789530877013393408,Rizzy,False,False,False,False
789280767834746880,Meyer,False,False,False,False
789268448748703744,Stella,False,False,False,False
789137962068021249,Bo,False,False,False,False
788908386943430656,Lucy,False,False,False,False
788765914992902144,Butter,False,False,False,False
788552643979468800,,False,False,True,False
788412144018661376,Dexter,False,False,False,False
788150585577050112,Leo,False,False,False,False
788070120937619456,Bo,False,False,False,False
787810552592695296,Frank,False,False,False,False
787717603741622272,Tonks,False,False,False,True
787397959788929025,Moose,False,False,False,False
787322443945877504,Lincoln,False,False,False,False
787111942498508800,Carl,False,False,False,False
786963064373534720,Rory,False,False,False,False
786729988674449408,Oakley,False,False,False,False
786709082849828864,Logan,False,False,False,False
786595970293370880,Dale,False,False,False,False
786363235746385920,Rizzo,True,False,False,False
786286427768250368,Arnie,False,False,False,False
786233965241827333,Mattie,False,False,False,False
786051337297522688,,False,False,False,True
786036967502913536,Scout,False,False,False,False
785927819176054784,Lucy,False,False,False,False
785872687017132033,Rusty,False,False,False,False
785639753186217984,Pinot,True,False,False,False
785533386513321988,Dallas,False,False,False,False
785264754247995392,Doc,False,False,False,False
785170936622350336,Hero,False,False,False,False
784826020293709826,Rusty,False,False,False,False
784517518371221505,Frankie,False,False,False,False
784431430411685888,Stormy,False,False,False,False
784183165795655680,Reginald,False,False,False,True
784057939640352768,Balto,False,False,False,False
783839966405230592,Riley,False,False,False,False
783821107061198850,Mairi,False,False,False,False
783695101801398276,Loomis,False,False,False,False
783466772167098368,Finn,False,False,False,False
783391753726550016,Godi,False,False,False,False
783347506784731136,Kenny,False,False,False,False
783334639985389568,Dave,False,False,False,False
783085703974514689,Earl,False,False,False,False
782969140009107456,Cali,False,False,False,False
782747134529531904,Deacon,True,False,False,False
782722598790725632,Penny,False,False,False,False
782598640137187329,Timmy,False,False,False,False
782305867769217024,Sampson,True,False,False,False
782021823840026624,Harper,False,False,False,False
781955203444699136,Chipson,False,False,False,False
781655249211752448,Combo,True,False,False,False
781308096455073793,,True,False,True,False
781251288990355457,Oakley,False,False,False,False
780931614150983680,,False,False,False,True
780858289093574656,Dash,False,False,False,False
780800785462489090,Koda,False,False,False,False
780601303617732608,Hercules,False,False,False,False
780496263422808064,Bell,False,False,False,False
780459368902959104,Bear,False,False,False,False
780092040432480260,Hank,False,False,False,False
780074436359819264,,True,False,False,False
779834332596887552,Scout,False,False,False,False
779377524342161408,,False,False,True,False
779124354206535695,Hurley,False,False,False,False
779123168116150273,Reggie,False,False,False,False
778990705243029504,Jay,False,False,False,False
778748913645780993,Mya,False,False,False,False
778650543019483137,Strider,False,False,False,False
778624900596654080,Penny,False,False,False,False
778383385161035776,Nala,False,False,False,False
778286810187399168,Stanley,False,False,False,False
778039087836069888,,False,False,True,False
778027034220126208,Sophie,False,False,True,False
777953400541634568,Gerald,True,False,False,False
777885040357281792,Wesley,False,False,False,False
777641927919427584,Arnie,False,False,False,False
777621514455814149,Derek,False,False,False,False
777189768882946048,Jeffrey,False,False,False,False
776819012571455488,,False,False,True,False
776813020089548800,Solomon,False,False,False,False
776477788987613185,Huck,False,False,True,False
776218204058357768,,False,True,False,False
776201521193218049,O,False,False,False,False
776113305656188928,Sampson,False,False,True,False
775898661951791106,,True,False,True,False
775842724423557120,Blue,False,False,False,False
775733305207554048,Anakin,True,False,False,False
775364825476165632,Finley,True,False,False,False
775350846108426240,Maximus,False,False,False,False
775085132600442880,Tucker,False,False,False,False
774757898236878852,Finley,False,False,False,False
774639387460112384,Sprinkles,False,False,False,False
773985732834758656,Winnie,False,False,True,False
773922284943896577,Heinrich,False,False,False,False
773704687002451968,Loki,False,False,False,False
773670353721753600,Shakespeare,False,False,False,False
773547596996571136,Chelsea,False,False,True,False
773336787167145985,Fizz,False,False,False,False
773308824254029826,Bungalo,False,False,False,False
773247561583001600,Chip,False,False,False,False
773191612633579521,Grey,False,False,False,False
772826264096874500,Roosevelt,False,False,False,False
772615324260794368,Gromit,False,False,False,False
772193107915964416,Willem,False,False,True,False
772117678702071809,Jack,False,False,False,False
772114945936949249,Finn,False,False,False,False
772102971039580160,Penny,False,False,False,False
771908950375665664,,True,False,False,False
771770456517009408,Davey,False,False,False,False
771500966810099713,Dakota,False,False,False,False
771380798096281600,Fizz,False,False,False,False
771171053431250945,Frankie,False,False,False,False
771136648247640064,Dixie,False,False,False,False
771102124360998913,Charlie,False,False,False,False
771004394259247104,,False,False,True,False
770787852854652928,Winston,False,False,False,False
770772759874076672,Sebastian,False,False,False,False
770743923962707968,,True,False,False,False
770414278348247044,Al,False,False,False,False
770293558247038976,Jackson,False,False,False,False
770093767776997377,,True,False,True,False
770069151037685760,Carbon,False,False,False,False
769940425801170949,Klein,False,False,False,False
769695466921623552,Titan,False,False,False,False
769212283578875904,DonDon,False,False,False,False
768970937022709760,Kirby,False,False,False,False
768909767477751808,,False,False,True,False
768855141948723200,Jesse,False,False,False,False
768609597686943744,Lou,False,False,False,False
768596291618299904,Oakley,False,False,False,False
768554158521745409,Nollie,False,False,False,False
768473857036525572,Chevy,False,False,False,False
768193404517830656,Gerald,True,False,False,False
767884188863397888,Tito,False,False,False,False
767754930266464257,Philbert,False,False,False,False
767500508068192258,Louie,False,False,False,False
767191397493538821,,True,False,False,False
767122157629476866,Rupert,False,False,False,False
766793450729734144,Rufus,False,False,False,False
766693177336135680,Brudge,False,False,False,False
766423258543644672,Shadoe,False,False,False,False
766313316352462849,Oscar,False,False,False,False
766078092750233600,Colby,False,False,False,False
766069199026450432,Juno,False,False,False,False
766008592277377025,Angel,False,False,False,False
765719909049503744,Brat,False,False,False,False
765669560888528897,Tove,False,False,False,False
765371061932261376,Louie,False,False,True,False
765222098633691136,Gromit,False,False,False,False
764857477905154048,Aubie,False,False,False,False
764259802650378240,Kota,False,False,False,False
763956972077010945,,True,False,False,False
763837565564780549,Alfie,False,False,False,False
763183847194451968,Clark,False,False,False,False
763167063695355904,Eve,False,False,True,False
763103485927849985,Belle,False,False,False,False
762699858130116608,Leela,False,False,False,False
762471784394268675,Glenn,False,False,False,False
762464539388485633,Buddy,False,False,False,False
762316489655476224,Scout,False,False,False,False
761976711479193600,Shelby,False,False,False,False
761599872357261312,Sephie,False,False,False,False
761334018830917632,Bruce,False,False,False,False
761292947749015552,Bonaparte,False,False,False,False
761227390836215808,Albert,False,False,False,False
761004547850530816,Bo,False,False,False,False
760893934457552897,Wishes,True,False,False,False
760656994973933572,Rose,False,False,False,False
760641137271070720,Theo,False,False,False,False
760539183865880579,Atlas,False,False,False,False
760521673607086080,,True,False,False,False
760290219849637889,Rocco,False,False,False,False
760252756032651264,Fido,False,False,False,False
760190180481531904,Sadie,False,False,False,False
759943073749200896,,False,False,True,False
759846353224826880,Kirby,False,False,False,False
759793422261743616,Maggie,True,False,True,False
759557299618865152,Emma,False,False,False,False
759447681597108224,Oakley,False,False,False,False
759197388317847553,Luna,False,False,False,False
759099523532779520,Toby,False,False,False,False
759047813560868866,Spencer,False,False,False,False
758854675097526272,Lilli,False,False,False,False
758828659922702336,,True,False,False,False
758740312047005698,Boston,False,False,False,False
758474966123810816,Brandonald,False,False,False,False
758405701903519748,Odie,False,False,False,False
758355060040593408,Corey,False,False,False,False
757741869644341248,Leonard,False,False,False,False
757729163776290825,Chompsky,False,False,False,False
757725642876129280,Beckham,False,False,False,False
757611664640446465,Cooper,False,False,False,False
757597904299253760,,False,False,True,False
757393109802180609,,True,False,False,False
757354760399941633,Devón,False,False,False,False
756998049151549440,Oliver,False,False,False,False
756939218950160384,Jax,False,False,True,False
756651752796094464,Gert,False,False,False,False
756526248105566208,,True,False,False,False
756275833623502848,,False,False,False,True
755955933503782912,,False,False,True,False
755206590534418437,,True,False,False,False
755110668769038337,Watson,False,False,False,False
754874841593970688,Rubio,False,False,False,False
754856583969079297,Winnie,False,False,False,False
754747087846248448,Keith,False,False,False,False
754482103782404096,Milo,False,False,False,False
754449512966619136,Dex,False,False,False,False
754011816964026368,Charlie,False,False,False,False
753398408988139520,Scout,False,False,False,False
753375668877008896,Hank,False,False,False,False
753298634498793472,Carly,False,False,False,False
753294487569522689,Ace,False,False,False,False
753026973505581056,Tayzie,False,False,False,False
752932432744185856,Carl,False,False,False,False
752917284578922496,Grizzie,False,False,False,False
752682090207055872,,True,False,False,False
752660715232722944,,True,False,False,False
752519690950500352,,False,False,False,True
752334515931054080,,True,False,False,False
752173152931807232,Brody,False,False,False,False
751950017322246144,Lola,False,False,True,False
751937170840121344,Ruby,False,False,False,False
751830394383790080,Tucker,False,False,False,False
751793661361422336,Fred,False,False,False,False
751598357617971201,Toby,False,False,False,False
751583847268179968,,True,False,False,False
751538714308972544,Max,False,False,False,False
751456908746354688,,False,False,True,False
751251247299190784,Gilbert,False,False,False,False
751132876104687617,Cooper,False,False,False,True
750868782890057730,Milo,False,False,True,False
750719632563142656,Meyer,False,False,False,False
750506206503038976,Malcolm,False,False,True,False
750429297815552001,Arnie,False,False,False,False
750383411068534784,Zoe,False,False,True,False
750381685133418496,,True,False,False,False
750132105863102464,Stewie,False,False,False,False
750117059602808832,Calvin,False,False,False,False
750101899009982464,Lilah,False,False,False,False
750086836815486976,Spanky,False,False,False,False
750071704093859840,,False,False,True,False
750056684286914561,Jameson,False,False,False,False
750041628174217216,Beau,False,False,False,False
750026558547456000,Jax,False,False,False,False
750011400160841729,Piper,True,False,False,False
749996283729883136,Bo,False,False,False,False
749981277374128128,Atticus,False,False,False,False
749774190421639168,Lucy,False,False,False,False
749417653287129088,Finn,False,False,True,False
749395845976588288,George,False,False,False,False
749317047558017024,Blu,False,True,False,False
749075273010798592,Boomer,True,False,False,False
749064354620928000,Winston,False,False,False,False
749036806121881602,Dietrich,False,False,False,False
748932637671223296,Divine,True,False,False,False
748699167502000129,Tripp,False,False,False,False
748692773788876800,,True,False,False,False
748568946752774144,Cora,False,False,False,False
748337862848962560,,False,False,True,False
748324050481647620,Duke,False,False,False,False
747963614829678593,,False,False,True,False
747844099428986880,Huxley,False,False,False,False
747651430853525504,,False,False,True,False
747648653817413632,Keurig,False,False,False,False
747600769478692864,Bookstore,False,False,False,False
747439450712596480,Linus,False,False,False,False
747242308580548608,,False,False,True,False
747219827526344708,Atticus,False,False,False,False
747204161125646336,Clark,False,False,False,False
746757706116112384,Maddie,False,False,False,False
746726898085036033,Abby,False,False,False,False
746542875601690625,,False,True,False,False
746521445350707200,Shaggy,False,False,False,False
746507379341139972,Shiloh,False,False,False,False
746131877086527488,Gustav,False,False,False,False
746056683365994496,Arlen,False,False,False,False
745789745784041472,Gus,False,False,False,False
745712589599014916,Percy,False,False,False,False
745433870967832576,Lenox,True,False,False,False
745314880350101504,Sugar,False,False,False,False
745074613265149952,Jeffrey,False,False,False,False
745057283344719872,Oliver,False,False,False,False
744995568523612160,Abby,False,False,False,True
744971049620602880,Indie,False,False,False,False
744709971296780288,Harvey,False,False,False,False
744334592493166593,Blanket,False,False,False,False
744234799360020481,,True,False,False,False
744223424764059648,,False,False,True,False
743980027717509120,Geno,False,False,False,False
743609206067040256,Stark,False,False,False,False
743595368194129920,Harold,False,False,False,False
743545585370791937,Bentley,False,False,False,False
743510151680958465,Beya,False,False,False,False
743253157753532416,Kilo,False,False,False,True
743222593470234624,,False,False,True,False
743210557239623680,Kayla,False,False,False,False
742534281772302336,,True,False,False,False
742528092657332225,Maxaroni,False,False,False,False
742465774154047488,,False,False,True,False
742423170473463808,Bell,False,False,False,False
742385895052087300,Phil,False,False,False,False
742161199639494656,Doug,False,False,False,False
742150209887731712,Edmund,False,False,True,False
741743634094141440,Aqua,False,False,True,False
741438259667034112,Tucker,False,False,False,False
741303864243200000,Theodore,False,False,False,False
741099773336379392,Ted,False,False,False,False
741067306818797568,,True,False,True,False
740995100998766593,Leo,False,False,False,False
740699697422163968,Chip,False,False,False,False
740676976021798912,Baloo,False,False,True,False
740359016048689152,Chase,False,False,False,False
739979191639244800,Nollie,False,False,False,False
739932936087216128,Rorie,False,False,False,False
739844404073074688,Simba,False,False,False,False
739623569819336705,,True,False,False,False
739606147276148736,Benji,False,False,True,False
739485634323156992,Kyle,False,False,False,False
739238157791694849,,True,False,False,False
738885046782832640,Charles,False,False,False,False
738537504001953792,Bayley,False,False,False,True
738166403467907072,Axel,False,False,False,False
738156290900254721,Storkson,False,False,False,False
737826014890496000,Remy,False,False,False,False
737800304142471168,Bella,False,False,False,False
737445876994609152,,False,True,False,False
737322739594330112,Lily,False,False,False,False
736736130620620800,Chadrick,False,False,False,False
736392552031657984,,False,False,True,False
736365877722001409,Rory,False,False,True,False
735991953473572864,Maxaroni,False,False,False,False
735648611367784448,,False,False,True,False
735635087207878657,Dakota,False,False,False,False
735256018284875776,Kellogg,True,False,False,False
735137028879360001,Buckley,False,False,True,False
734912297295085568,Jax,False,False,False,False
734776360183431168,Livvie,False,False,False,False
733828123016450049,Terry,False,False,False,False
733822306246479872,Moose,False,True,False,False
733460102733135873,Hermione,False,False,False,False
733109485275860992,,True,False,True,False
732732193018155009,Ralpher,False,False,False,False
732726085725589504,Aldrick,False,False,False,False
732375214819057664,Kyle,True,False,False,False
732005617171337216,Larry,False,False,False,False
731285275100512256,Solomon,False,False,False,False
730573383004487680,Rooney,False,False,True,False
730427201120833536,Crystal,False,False,False,False
730211855403241472,Ziva,False,False,False,False
730196704625098752,Charles,False,False,False,False
729854734790754305,Ollie,False,False,False,False
729823566028484608,Stefan,False,False,False,False
729463711119904772,Pupcasso,False,False,False,False
728986383096946689,Puff,False,False,False,False
728751179681943552,Flurpson,False,False,False,False
728653952833728512,Coleman,False,False,False,False
728409960103686147,Wallace,False,False,False,False
728387165835677696,Enchilada,False,False,False,False
728046963732717569,Raymond,False,False,False,False
728035342121635841,,False,False,True,False
728015554473250816,Rueben,False,False,True,False
727685679342333952,Cilantro,False,False,False,False
727644517743104000,,True,False,False,False
727524757080539137,,False,False,True,False
727314416056803329,,False,False,True,False
727175381690781696,Karll,False,False,False,False
726935089318363137,Sprout,False,False,False,False
726887082820554753,Blitz,False,False,False,False
726828223124897792,Bloop,False,False,False,False
725842289046749185,Colby,False,False,False,False
725786712245440512,Lillie,False,False,True,False
725729321944506368,Lola,False,False,False,False
724983749226668032,Fred,False,False,False,False
724771698126512129,,True,False,False,False
724405726123311104,Ashleigh,False,False,True,False
724049859469295616,Kreggory,False,False,False,False
724046343203856385,Sarge,False,False,False,False
724004602748780546,Luther,False,False,True,False
723912936180330496,Sugar,False,False,False,False
723688335806480385,Reginald,False,False,False,False
723673163800948736,Ivar,False,False,False,False
723179728551723008,Jangle,False,False,False,False
722613351520608256,Schnitzel,False,False,False,False
721503162398597120,Panda,False,False,False,False
721001180231503872,Oliver,False,False,True,False
720785406564900865,Archie,False,False,False,False
720775346191278080,Berkeley,False,False,False,False
720389942216527872,Ralphé,False,False,False,False
720340705894408192,Derek,False,False,True,False
720059472081784833,Charleson,False,False,False,False
720043174954147842,Neptune,False,False,False,False
719991154352222208,,True,False,False,False
719704490224398336,Clyde,False,False,True,False
719551379208073216,Harnold,False,False,False,False
719367763014393856,Sid,False,False,False,False
719339463458033665,Lucy,False,False,False,False
719332531645071360,Pippa,False,False,False,False
718971898235854848,Sadie,False,False,False,False
718939241951195136,Otis,False,False,False,False
718613305783398402,Carper,False,False,False,False
718460005985447936,Bowie,False,False,False,False
718246886998687744,Alexanderson,False,False,False,False
718234618122661888,Suki,False,False,False,False
717841801130979328,Barclay,False,False,False,False
717790033953034240,,False,False,True,False
717428917016076293,Skittle,False,False,False,False
717421804990701568,Ebby,False,False,False,False
717047459982213120,Flávio,False,False,False,False
717009362452090881,Smokey,False,False,True,False
716802964044845056,Link,False,False,False,False
716791146589110272,Jennifur,False,False,False,False
716447146686459905,Ozzy,False,False,True,False
716439118184652801,Bluebert,False,False,False,False
716285507865542656,Stephanus,False,False,False,False
716080869887381504,,True,False,False,False
715928423106027520,Bubbles,False,False,False,False
715704790270025728,Bentley,False,False,False,False
715696743237730304,Toby,False,False,False,False
715680795826982913,Zeus,False,False,False,False
715360349751484417,Bertson,False,False,False,False
715342466308784130,Oscar,False,False,False,False
715220193576927233,Nico,False,False,False,False
715200624753819648,Michelangelope,False,False,False,False
715009755312439296,Siba,False,False,False,False
714982300363173890,Calbert,False,False,False,False
714957620017307648,Curtis,False,False,False,False
714631576617938945,Benedict,False,False,False,False
714485234495041536,Blitz,False,False,False,False
714258258790387713,Travis,False,False,False,False
714251586676113411,Thumas,False,False,False,False
713919462244790272,Kanu,False,False,False,False
713909862279876608,Doug,False,False,False,False
713761197720473600,Piper,False,False,False,False
713177543487135744,Lance,False,False,False,False
713175907180089344,Opie,False,False,False,False
712809025985978368,Stubert,False,False,False,False
712668654853337088,Sunny,False,False,False,False
712438159032893441,Kane,False,False,False,False
712309440758808576,,False,False,True,False
712092745624633345,Steven,False,False,False,False
712085617388212225,Olive,False,False,False,False
712065007010385924,Chester,False,False,False,False
711968124745228288,Winston,False,False,True,False
711743778164514816,Roosevelt,False,False,False,False
711652651650457602,Gary,False,False,False,False
711008018775851008,Chuckles,False,False,True,False
710997087345876993,Milo,False,False,False,False
710844581445812225,Staniel,False,False,False,False
710833117892898816,Sora,False,False,False,False
710588934686908417,Beemo,False,False,False,False
710296729921429505,Oshie,False,False,False,False
710283270106132480,Gunner,False,False,False,False
710153181850935296,Lacy,False,False,False,False
710140971284037632,Tater,False,False,False,False
710117014656950272,,False,False,True,False
709918798883774466,Watson,False,False,False,False
709566166965075968,Olaf,False,False,False,False
709556954897764353,Cecil,False,False,False,False
709519240576036864,Vince,False,False,False,False
709449600415961088,Karma,False,False,False,False
709409458133323776,Billy,False,False,False,False
709225125749587968,Walker,False,False,False,False
709207347839836162,Penny,False,False,False,False
709179584944730112,Sammy,False,False,False,False
709158332880297985,Rodney,False,False,False,False
709042156699303936,Klevin,False,False,False,False
708853462201716736,Lucy,False,False,False,False
708845821941387268,,False,False,True,False
708834316713893888,Malikai,False,False,False,False
708810915978854401,Mister,False,False,False,False
708738143638450176,Coco,False,False,False,False
708711088997666817,Smokey,False,False,False,False
708479650088034305,Bear,False,False,False,False
708469915515297792,Bobble,False,False,False,False
708356463048204288,Oliver,False,False,False,False
708349470027751425,River,False,False,False,False
708149363256774660,Jebberson,False,False,False,False
708119489313951744,Cooper,False,False,False,False
708109389455101952,Remington,False,False,False,False
707995814724026368,Farfle,False,False,False,False
707969809498152960,Rufus,False,False,False,False
707776935007539200,Sadie,False,False,False,False
707693576495472641,Jiminus,False,False,False,False
707610948723478529,Harper,False,False,False,False
707420581654872064,Keurig,False,False,False,False
707411934438625280,,False,False,True,False
707387676719185920,Clarkus,False,False,False,False
707315916783140866,Finnegus,False,False,True,False
707297311098011648,Cassie,False,False,False,False
707059547140169728,Cupcake,False,False,False,False
707038192327901184,Kathmandu,False,False,False,False
707021089608753152,Tucker,False,False,False,False
707014260413456384,Ellie,False,False,False,False
706901761596989440,Elliot,False,False,False,False
706681918348251136,Katie,False,False,False,False
706644897839910912,Shadow,False,False,False,False
706538006853918722,Oliver,False,False,False,False
706346369204748288,Koda,False,False,False,False
706310011488698368,,False,False,True,False
706265994973601792,Kara,False,False,False,False
706166467411222528,Dexter,False,False,False,False
706153300320784384,Layla,False,False,False,False
705975130514706432,Adele,False,False,True,False
705970349788291072,Lucy,False,False,False,False
705898680587526145,Max,False,False,False,False
705786532653883392,,False,False,True,False
705475953783398401,Zara,False,False,False,False
705442520700944385,Cooper,False,False,False,False
705428427625635840,Ambrose,False,False,True,False
705239209544720384,Jimothy,False,False,False,False
705223444686888960,Bode,False,False,False,False
705102439679201280,Terrenth,False,False,False,False
705066031337840642,Reese,False,False,False,False
704859558691414016,,False,False,True,False
704819833553219584,Chesterson,False,False,False,False
704761120771465216,,False,False,True,False
704480331685040129,Lucia,False,False,False,False
704364645503647744,Bisquick,False,False,False,False
704347321748819968,Ralphson,False,False,True,False
704134088924532736,,False,False,True,False
704113298707505153,Stanley,False,False,False,False
703631701117943808,Bella,False,False,False,False
703611486317502464,Scooter,False,False,True,False
703407252292673536,,False,False,True,False
703382836347330562,Charlie,False,False,False,False
703356393781329922,Socks,False,False,False,False
703268521220972544,,False,False,True,False
702932127499816960,Chip,False,False,False,False
702899151802126337,Luna,False,False,False,False
702684942141153280,Lucy,False,False,False,False
702671118226825216,Rambo,False,False,False,False
702598099714314240,Sansa,False,False,True,False
702332542343577600,Rudy,False,False,False,False
701981390485725185,Fiji,False,False,False,False
701952816642965504,Rilo,False,False,False,False
701889187134500865,Bilbo,False,False,False,False
701805642395348998,,False,False,True,False
701601587219795968,Coopson,False,False,False,False
701570477911896070,Yoda,False,False,False,False
701545186879471618,Millie,False,False,True,False
700890391244103680,Chet,False,False,False,False
700864154249383937,,False,False,True,False
700847567345688576,Crouton,False,False,False,False
700796979434098688,Daniel,False,False,False,False
700518061187723268,Vincent,False,False,False,False
700505138482569216,Kaia,False,False,False,False
700462010979500032,Murphy,False,False,False,False
700167517596164096,Dotsy,False,False,False,False
700151421916807169,,False,False,True,False
700143752053182464,,False,False,True,False
700062718104104960,Eazy,False,False,False,False
700029284593901568,Coops,False,False,False,False
700002074055016451,Thumas,False,False,False,False
699801817392291840,Cooper,False,False,True,False
699788877217865730,Nala,False,False,False,False
699775878809702401,Fillup,False,False,False,False
699691744225525762,Dave,False,False,False,False
699446877801091073,Archie,False,False,False,False
699434518667751424,,False,False,True,False
699413908797464576,Miley,False,False,False,False
699370870310113280,Calbert,False,False,False,False
699088579889332224,Charl,False,False,False,False
699079609774645248,Reagan,False,False,False,False
699060279947165696,Yukon,False,False,False,False
699036661657767936,,False,False,True,False
698989035503689728,Oliver,False,False,False,False
698953797952008193,CeCe,False,False,False,False
698710712454139905,Cuddles,False,False,False,False
698703483621523456,Rusty,False,False,False,False
698549713696649216,Claude,False,False,False,False
698355670425473025,Jessiga,False,False,False,False
698342080612007937,Maximus,False,False,False,False
698262614669991936,Franklin,False,False,False,False
698195409219559425,Beau,False,False,False,False
698178924120031232,Lily,False,False,False,False
697990423684476929,Doug,False,False,False,False
697943111201378304,Cassie,False,False,False,False
697881462549430272,Carter,False,False,False,False
697616773278015490,,False,False,True,False
697596423848730625,,False,False,True,False
697575480820686848,Ole,False,False,False,False
697516214579523584,Pherb,False,False,False,False
697482927769255936,Blipson,False,False,False,False
697270446429966336,Bentley,False,False,False,False
697255105972801536,Charlie,False,False,False,False
697242256848379904,Oakley,False,False,False,False
696900204696625153,Rosie,False,False,False,False
696877980375769088,Misty,False,False,True,False
696754882863349760,Reptar,False,False,False,False
696744641916489729,Klevin,False,False,False,False
696713835009417216,Trevith,False,False,True,False
696518437233913856,,False,False,True,False
696405997980676096,Berb,False,False,False,False
696100768806522880,,False,False,True,False
695794761660297217,Wyatt,False,False,False,False
695629776980148225,Calvin,False,False,False,False
695409464418041856,Bob,False,False,False,False
695314793360662529,Colin,False,False,False,False
695095422348574720,,False,False,True,False
695074328191332352,Lorenzo,False,False,True,False
695051054296211456,Brian,False,False,False,False
694905863685980160,Archie,False,False,False,False
694669722378485760,Phil,False,False,False,False
694356675654983680,,False,False,True,False
694352839993344000,Oliviér,False,False,False,False
694329668942569472,Grady,False,False,True,False
694183373896572928,Lola,False,False,False,False
694001791655137281,Chester,False,False,False,False
693942351086120961,Kobe,False,False,False,False
693642232151285760,Freddery,False,False,False,False
693629975228977152,,False,False,True,False
693590843962331137,Phil,False,False,True,False
693486665285931008,Lincoln,False,False,False,False
693280720173801472,Sadie,False,False,False,False
693267061318012928,Oscar,False,False,False,False
693262851218264065,,False,False,True,False
693231807727280129,Bodie,False,False,False,False
693155686491000832,Dunkin,False,False,False,False
693095443459342336,Milo,False,False,True,False
692905862751522816,Wally,False,False,True,False
692894228850999298,Tupawc,False,False,False,False
692828166163931137,,False,False,True,False
692752401762250755,,False,False,True,False
692568918515392513,Chester,False,False,False,False
692535307825213440,Amber,False,False,False,False
692530551048294401,Cody,False,False,False,False
692417313023332352,Herschel,False,False,True,False
692158366030913536,Edgar,False,False,False,False
692041934689402880,Teddy,False,False,False,False
692017291282812928,Kingsley,False,False,False,False
691820333922455552,Brockly,False,False,False,False
691675652215414786,Richie,False,False,False,False
691459709405118465,Leo,False,False,False,False
691444869282295808,Bailey,False,False,False,False
691321916024623104,Molly,False,False,False,False
690932576555528194,Buddy,False,False,False,False
690735892932222976,Peaches,False,False,False,False
690728923253055490,Vinscent,False,False,False,False
690690673629138944,Cedrick,False,False,False,False
690649993829576704,Hazel,False,False,False,False
690597161306841088,Lolo,False,False,False,False
690400367696297985,Eriq,False,False,False,False
690374419777196032,Phred,False,False,False,False
690348396616552449,Oddie,False,False,False,False
690248561355657216,Maxwell,False,False,False,False
690021994562220032,Geoff,False,False,False,False
690015576308211712,,False,False,True,False
689999384604450816,Covach,False,False,False,False
689993469801164801,,False,True,False,False
689905486972461056,Gizmo,False,False,True,False
689877686181715968,Durg,False,False,False,False
689835978131935233,Fynn,False,False,False,False
689661964914655233,Luca,False,False,False,False
689659372465688576,Ricky,False,False,False,False
689623661272240129,Lucy,False,False,True,False
689517482558820352,Carl,False,False,False,False
689283819090870273,Chipson,False,False,False,False
689280876073582592,Herald,False,False,False,False
689275259254616065,Lucky,False,False,False,False
689255633275777024,Ferg,False,False,False,False
689143371370250240,Trip,False,False,True,False
688916208532455424,,False,False,True,False
688908934925697024,Clarence,False,False,False,False
688894073864884227,Hamrick,False,False,True,False
688828561667567616,Brad,False,False,False,False
688789766343622656,Pubert,False,False,False,False
688547210804498433,Frönq,False,False,False,False
688519176466644993,,False,False,True,False
688385280030670848,Louis,False,False,False,False
688211956440801280,Derby,False,False,False,False
688179443353796608,Lizzie,False,False,True,False
688064179421470721,Kilo,False,False,False,False
687826841265172480,Louis,False,False,False,False
687818504314159109,,False,False,True,False
687807801670897665,Trooper,False,False,False,False
687732144991551489,Ember,False,False,False,False
687704180304273409,Blakely,False,False,True,False
687664829264453632,Opal,False,False,False,False
687494652870668288,Marq,False,False,False,False
687476254459715584,Curtis,False,False,True,False
687460506001633280,Kramer,False,False,False,False
687399393394311168,Barry,False,False,False,False
687317306314240000,Tyrone,False,False,False,False
687312378585812992,,False,False,True,False
687127927494963200,Gordon,False,False,False,False
687124485711986689,Samson,False,False,False,False
687109925361856513,Baxter,False,False,False,False
687096057537363968,,False,False,True,False
686947101016735744,Jackson,False,False,False,False
686760001961103360,,False,False,True,False
686683045143953408,Mona,False,False,True,False
686618349602762752,Olivia,False,False,True,False
686606069955735556,Horace,False,False,False,False
686386521809772549,Crimson,False,False,False,False
686377065986265092,Birf,False,False,True,False
686050296934563840,Flávio,False,False,False,False
686007916130873345,,False,False,True,False
686003207160610816,Hammond,False,False,False,False
685973236358713344,Lorelei,False,False,False,False
685943807276412928,,False,False,True,False
685906723014619143,Olive,False,False,False,False
685667379192414208,Marty,False,False,True,False
685663452032069632,Brooks,False,False,False,False
685641971164143616,Otis,False,False,True,False
685547936038666240,,False,False,True,False
685321586178670592,Rocky,False,False,False,False
685307451701334016,Petrick,False,True,False,False
685268753634967552,Hubertson,False,False,True,False
685198997565345792,Alfie,False,False,False,False
685169283572338688,Gerbald,False,False,True,False
684959798585110529,Jerry,False,False,False,False
684940049151070208,Oreo,False,False,False,False
684926975086034944,Bruiser,False,False,False,False
684902183876321280,Perry,False,False,False,False
684880619965411328,,False,False,True,False
684830982659280897,,False,False,True,False
684800227459624960,Theodore,False,False,False,False
684588130326986752,,False,False,True,False
684567543613382656,Bobby,False,False,False,False
684481074559381504,Pippa,False,False,False,False
684460069371654144,Jeph,False,False,False,False
684241637099323392,Obi,False,False,False,False
684195085588783105,Tino,False,False,False,False
684177701129875456,Kulet,False,False,False,False
684147889187209216,Sweets,False,False,True,False
684097758874210310,Lupe,False,False,False,False
683857920510050305,Sadie,False,False,False,False
683852578183077888,Tiger,False,False,False,False
683849932751646720,Jiminy,False,False,False,False
683834909291606017,,False,False,True,False
683828599284170753,,False,False,True,False
683773439333797890,Buddy,False,False,False,False
683742671509258241,Sebastian,False,False,False,False
683498322573824003,Griffin,False,False,False,False
683481228088049664,Banjo,False,False,True,False
683462770029932544,,False,False,True,False
683391852557561860,Jack,False,False,False,False
683142553609318400,Brandy,False,False,True,False
683111407806746624,Larry,False,False,True,False
683078886620553216,,False,False,True,False
683030066213818368,Lulu,False,False,False,False
682962037429899265,Darrel,False,False,False,False
682788441537560576,,False,False,True,False
682750546109968385,Taco,False,False,False,False
682662431982772225,Joey,False,False,False,False
682406705142087680,Patrick,False,False,True,False
682393905736888321,Kreg,False,False,False,False
682389078323662849,Brody,False,False,False,False
682303737705140231,Todo,False,False,False,False
682259524040966145,Jax,False,False,False,False
682242692827447297,Samson,False,False,False,False
682059653698686977,Tess,False,False,False,False
682032003584274432,Ulysses,False,False,False,False
681981167097122816,Jimothy,False,False,False,False
681891461017812993,Charlie,False,False,True,False
681694085539872773,Bo,False,False,True,False
681679526984871937,,False,False,True,False
681654059175129088,Toffee,False,False,True,False
681579835668455424,Apollo,False,False,False,False
681523177663676416,Carly,False,False,False,False
681339448655802368,Asher,False,False,False,False
681320187870711809,Glacier,False,False,False,False
681302363064414209,Chuck,False,False,False,False
681281657291280384,Sarge,False,False,False,False
681261549936340994,Panda,False,False,False,False
681242418453299201,Champ,False,False,False,False
681231109724700672,,False,False,True,False
681193455364796417,Aspen,False,False,False,False
680959110691590145,Ozzie,False,False,False,False
680940246314430465,Alice,False,False,False,False
680934982542561280,Sadie,False,False,False,False
680913438424612864,Griswold,False,False,False,False
680889648562991104,Cheesy,False,False,False,False
680836378243002368,Ellie,False,False,True,False
680798457301471234,Moofasa,False,False,False,False
680609293079592961,Brody,False,False,False,False
680583894916304897,Penny,False,False,False,False
680497766108381184,Percy,False,False,False,False
680473011644985345,Hector,False,False,True,False
680221482581123072,CeCe,False,False,False,False
680206703334408192,Toby,False,False,False,False
680191257256136705,,False,False,True,False
680176173301628928,,False,False,True,False
680161097740095489,Goliath,False,False,False,False
680145970311643136,Kawhi,False,False,True,False
680130881361686529,Reggie,False,False,False,False
680115823365742593,Ozzy,False,False,False,False
680100725817409536,,False,False,True,False
680070545539371008,Emmie,False,False,False,False
680055455951884288,Sammy,False,False,False,False
679877062409191424,Penelope,False,False,False,False
679872969355714560,Rocco,False,False,False,False
679854723806179328,Bruce,False,False,False,False
679844490799091713,Willie,False,False,False,False
679828447187857408,,False,False,True,False
679777920601223168,Rinna,False,False,True,False
679729593985699840,Hunter,False,False,False,False
679722016581222400,Mike,False,False,False,False
679527802031484928,,False,False,True,False
679511351870550016,William,False,False,False,False
679503373272485890,Dwight,False,False,True,False
679475951516934144,Evy,False,False,False,False
679462823135686656,Hurley,False,False,False,False
679158373988876288,Rubio,False,False,False,False
679132435750195208,Louis,False,False,False,False
679062614270468097,Chompsky,False,False,False,False
679001094530465792,Rascal,False,False,False,False
678969228704284672,Lola,False,False,False,False
678800283649069056,,False,False,True,False
678798276842360832,Linda,False,False,False,False
678774928607469569,Tug,False,False,False,False
678767140346941444,Mia,False,False,False,False
678764513869611008,Wilson,False,False,False,False
678755239630127104,Dash,False,False,False,False
678740035362037760,Tango,False,False,False,False
678708137298427904,,False,False,True,False
678643457146150913,Grizz,False,False,False,False
678424312106393600,Crystal,False,False,False,False
678410210315247616,Jerome,False,False,False,False
678389028614488064,Bella,False,False,True,False
678380236862578688,Crumpet,False,False,False,False
678341075375947776,,False,False,True,False
678334497360859136,Rosie,False,False,False,False
678278586130948096,,False,False,True,False
678255464182861824,Jessifer,False,False,False,False
678021115718029313,Reese,False,False,False,False
677961670166224897,Izzy,False,False,False,False
677700003327029250,Ralph,False,False,False,False
677698403548192770,Sadie,False,False,False,False
677573743309385728,Sandy,False,False,False,False
677557565589463040,,False,False,True,False
677530072887205888,Axel,False,False,False,False
677331501395156992,Humphrey,False,False,False,False
677328882937298944,Derek,False,False,False,False
677314812125323265,Tassy,False,False,False,False
677301033169788928,Juckson,False,False,False,False
677269281705472000,,False,False,True,False
677228873407442944,Chuq,False,False,False,False
676975532580409345,Cooper,False,False,False,False
676949632774234114,Tyrus,False,False,False,False
676948236477857792,Karl,False,False,False,False
676936541936185344,,False,False,True,False
676916996760600576,,False,False,True,False
676864501615042560,Ash,False,False,False,False
676819651066732545,,False,False,True,False
676811746707918848,Penny,False,False,False,False
676617503762681856,,False,False,True,False
676603393314578432,Godzilla,False,False,True,False
676593408224403456,,False,False,True,False
676588346097852417,Bubbles,False,False,False,False
676582956622721024,Vinnie,False,False,False,False
676575501977128964,,False,False,True,False
676496375194980353,Griffin,False,False,False,False
676470639084101634,,False,False,True,False
676430933382295552,Duke,False,False,False,False
676263575653122048,,False,False,True,False
676237365392908289,Winston,False,False,False,False
676219687039057920,Kenneth,False,False,False,False
676215927814406144,Herm,False,False,False,False
676146341966438401,Bert,False,False,False,False
676101918813499392,Striker,False,False,False,False
675898130735476737,,False,False,True,False
675891555769696257,Donny,False,False,False,False
675845657354215424,Pepper,False,False,True,False
675798442703122432,Bernie,False,False,False,False
675781562965868544,Buddah,False,False,False,False
675740360753160193,,False,False,True,False
675710890956750848,Lenny,False,False,False,False
675531475945709568,Ellie,False,False,False,False
675522403582218240,Sammy,False,False,False,False
675497103322386432,Reggie,False,False,False,False
675362609739206656,Daisy,False,False,False,False
675334060156301312,,False,False,True,False
675166823650848770,Arnold,False,False,False,False
675146535592706048,Coops,False,False,False,False
675135153782571009,Steven,False,False,False,False
675113801096802304,Zuzu,False,False,True,False
675111688094527488,Oliver,False,False,False,False
675015141583413248,Moe,False,False,False,False
675006312288268288,Mollie,False,False,True,False
675003128568291329,Laela,False,False,False,False
674800520222154752,Tedders,False,False,False,False
674788554665512960,Maggie,False,False,False,False
674774481756377088,Superpup,False,False,True,False
674743008475090944,Sophie,False,False,False,False
674737130913071104,Rufio,False,False,True,False
674690135443775488,Patrick,False,False,False,False
674670581682434048,Jeb,False,False,False,False
674664755118911488,Rodman,False,False,False,False
674638615994089473,,False,False,True,False
674468880899788800,Louis,False,False,False,False
674447403907457024,,False,False,True,False
674436901579923456,Bailey,False,False,False,False
674422304705744896,Ava,False,False,False,False
674416750885273600,Jonah,False,False,False,False
674410619106390016,Lenny,False,False,False,False
674394782723014656,Gary,False,False,False,False
674372068062928900,Chesney,False,False,False,False
674318007229923329,Lennon,False,False,True,False
674291837063053312,Kenny,False,False,False,False
674269164442398721,Bob,False,False,False,False
674265582246694913,Henry,False,False,False,False
674262580978937856,Gus,False,False,True,False
674255168825880576,Bobbay,False,False,False,False
674075285688614912,Mitch,False,False,False,False
674063288070742018,Earl,False,False,False,False
674053186244734976,Stanley,False,False,False,False
674051556661161984,Lucy,False,False,False,False
674038233588723717,Kaiya,False,False,True,False
674036086168010753,Daisy,False,False,False,False
674019345211760640,Acro,False,False,False,False
674014384960745472,Aiden,False,False,False,False
673956914389192708,,False,False,True,False
673919437611909120,Obie,False,False,True,False
673708611235921920,Riley,False,False,False,False
673707060090052608,Raymond,False,False,True,False
673705679337693185,Dot,False,False,False,False
673697980713705472,Pickles,False,False,True,False
673688752737402881,Larry,False,False,False,False
673686845050527744,George,False,False,False,False
673680198160809984,Shnuggles,False,False,False,False
673662677122719744,Kendall,False,False,False,False
673656262056419329,Albert,False,False,True,False
673612854080196609,Jeffri,False,False,True,False
673583129559498752,Sandy,False,False,False,False
673363615379013632,,False,False,True,False
673359818736984064,Steve,False,False,False,False
673355879178194945,Koda,False,False,False,False
673350198937153538,Bella,False,False,False,False
673345638550134785,Gerald,False,False,False,False
673342308415348736,Django,False,False,True,False
673320132811366400,Frankie,False,False,False,False
673295268553605120,Eve,False,False,True,False
673270968295534593,Mac,False,False,False,False
673213039743795200,Dexter,False,False,False,False
673148804208660480,Fletcher,False,False,True,False
672997845381865473,Kenzie,False,False,False,False
672995267319328768,Pumpkin,False,False,False,False
672988786805112832,Schnozz,False,False,True,False
672975131468300288,Chuckles,False,False,True,False
672970152493887488,Chet,False,False,True,False
672968025906282496,Gustaf,False,False,False,False
672964561327235073,Terry,False,False,False,False
672902681409806336,Jimison,False,False,False,False
672898206762672129,Cheryl,False,False,True,False
672877615439593473,Oscar,False,False,False,False
672834301050937345,Ed,False,False,False,False
672828477930868736,Jerry,False,False,False,False
672640509974827008,Leonidas,False,False,False,False
672622327801233409,,False,False,True,False
672614745925664768,Norman,False,False,True,False
672609152938721280,Caryl,False,False,False,False
672594978741354496,Scott,False,False,True,False
672591762242805761,Taz,False,False,False,False
672538107540070400,Darby,False,False,False,False
672488522314567680,Jackie,False,False,False,False
672481316919734272,Jazz,False,False,True,False
672475084225949696,Buddy,False,False,False,False
672466075045466113,Franq,False,False,False,False
672272411274932228,Pippin,False,False,False,False
672264251789176834,Kreg,False,False,False,False
672254177670729728,Rolf,False,False,True,False
672245253877968896,Snickers,False,False,False,False
672239279297454080,Ridley,False,False,False,False
672222792075620352,Cal,False,False,False,False
672205392827572224,Opal,False,False,True,False
672169685991993344,Bradley,False,False,False,False
672160042234327040,Bubba,False,False,True,False
672095186491711488,Tuco,False,False,False,False
672082170312290304,Patch,False,False,False,False
672068090318987265,Gizmo,False,False,False,False
671896809300709376,Lola,False,False,False,False
671891728106971137,Mojo,False,False,False,False
671882082306625538,Batdog,False,False,False,False
671879137494245376,Brad,False,False,False,False
671874878652489728,Mia,False,False,False,False
671866342182637568,Dylan,False,False,False,False
671763349865160704,Mark,False,False,False,False
671735591348891648,Oscar,False,False,False,False
671547767500775424,Marley,False,False,False,False
671542985629241344,JD,False,False,False,False
671538301157904385,Baxter,False,False,False,False
671536543010570240,Reginald,False,False,False,False
671528761649688577,Jax,False,False,False,False
671520732782923777,Alejandro,False,False,False,False
671518598289059840,Scruffers,False,False,False,False
671511350426865664,Hammond,False,False,False,False
671504605491109889,Charlie,False,False,False,False
671497587707535361,Pip,False,False,False,False
671488513339211776,Julius,False,False,False,False
671486386088865792,Malcolm,False,False,False,False
671485057807351808,Penelope,False,False,False,False
671362598324076544,Tanner,False,False,False,False
671355857343524864,Lou,False,False,False,False
671347597085433856,Lola,False,False,False,False
671186162933985280,Sparky,False,False,False,False
671166507850801152,Herm,False,False,False,False
671159727754231808,Anthony,False,False,False,False
671154572044468225,Holly,False,False,False,False
671134062904504320,Clarence,False,False,False,False
671115716440031232,Phred,False,False,False,False
671109016219725825,Toby,False,False,False,False
670840546554966016,Colby,False,False,False,False
670833812859932673,Jett,False,False,False,False
670832455012716544,Amy,False,False,False,False
670823764196741120,Remington,False,False,False,False
670815497391357952,Sage,False,False,False,False
670811965569282048,Maggie,False,False,False,False
670807719151067136,Andy,False,False,False,False
670804601705242624,Mason,False,False,False,False
670797304698376195,Trigger,False,False,False,False
670792680469889025,Antony,False,False,False,False
670786190031921152,Creg,False,False,False,False
670780561024270336,Traviss,False,False,False,False
670764103623966721,Vincent,False,False,False,False
670755717859713024,Gin,False,False,False,False
670733412878163972,Jerry,False,False,False,False
670727704916926465,Jeffrie,False,False,False,False
670704688707301377,Danny,False,False,False,False
670691627984359425,Ester,False,False,False,False
670679630144274432,Pluto,False,False,False,False
670676092097810432,Bloo,False,False,False,False
670668383499735048,Phineas,False,False,False,False
670468609693655041,Edd,False,False,False,False
670444955656130560,Paull,False,False,False,False
670442337873600512,Koda,False,False,False,False
670434127938719744,Hank,False,False,False,False
670433248821026816,Sam,False,False,False,False
670428280563085312,Willy,False,False,False,False
670421925039075328,Herb,False,False,False,False
670420569653809152,Damon,False,False,False,False
670411370698022913,Scooter,False,False,False,False
670408998013820928,Peanut,False,False,False,False
670403879788544000,Nigel,False,False,False,False
670385711116361728,Larry,False,False,False,False
670374371102445568,Daisy,False,False,False,False
670338931251150849,Butters,False,False,False,False
670290420111441920,Sandra,False,False,False,False
670093938074779648,Wally,False,False,False,False
670079681849372674,Fabio,False,False,False,False
670073503555706880,Winston,False,False,False,False
670069087419133954,Randall,False,False,False,False
670061506722140161,Liam,False,False,False,False
670055038660800512,Tommy,False,False,False,False
670046952931721218,Ben,False,False,False,False
670003130994700288,Raphael,False,False,False,False
669993076832759809,Zoey,False,False,False,False
669970042633789440,Julio,False,False,False,False
669942763794931712,Andru,False,False,False,False
669753178989142016,Chester,False,False,False,False
669749430875258880,Clarence,False,False,False,False
669683899023405056,Kloey,False,False,False,False
669682095984410625,Louie,False,False,False,False
669680153564442624,Shawwn,False,False,False,False
669625907762618368,Penny,False,False,False,False
669597912108789760,Skye,False,False,False,False
669573570759163904,Linda,False,False,False,False
669571471778410496,Keith,False,False,False,False
669567591774625800,Kollin,False,False,False,False
669393256313184256,Ronduh,False,False,False,False
669375718304980992,Billl,False,False,False,False
669371483794317312,Oliviér,False,False,False,False
669367896104181761,Chip,False,False,False,False
669359674819481600,Saydee,False,False,False,False
669354382627049472,Dug,False,False,False,False
669353438988365824,Tessa,False,False,False,False
669351434509529089,Sully,False,False,False,False
669328503091937280,Kirk,False,False,False,False
669324657376567296,Ralf,False,False,False,False
669216679721873412,Clarq,False,False,False,False
669214165781868544,Jaspers,False,False,False,False
669203728096960512,Samsom,False,False,False,False
669006782128353280,Tucker,False,False,False,False
669000397445533696,Terrance,False,False,False,False
668992363537309700,Harrison,False,False,False,False
668989615043424256,Bernie,False,False,False,False
668986018524233728,Ruby,False,False,False,False
668979806671884288,Chaz,False,False,False,False
668975677807423489,Jeremy,False,False,False,False
668960084974809088,Jaycob,False,False,False,False
668932921458302977,Herald,False,False,False,False
668902994700836864,Lambeau,False,False,False,False
668892474547511297,Ruffles,False,False,False,False
668872652652679168,Amélie,False,False,False,False
668852170888998912,Bobb,False,False,False,False
668826086256599040,Banditt,False,False,False,False
668779399630725120,Kevon,False,False,False,False
668655139528511488,Winifred,False,False,False,False
668641109086707712,Hanz,False,False,False,False
668633411083464705,Churlie,False,False,False,False
668631377374486528,Zeek,False,False,False,False
668627278264475648,Timofy,False,False,False,False
668625577880875008,Maks,False,False,False,False
668623201287675904,Jomathan,False,False,False,False
668620235289837568,Kallie,False,False,False,False
668567822092664832,Marvin,False,False,False,False
668537837512433665,Spark,False,False,False,False
668528771708952576,Gòrdón,False,False,False,False
668496999348633600,Jo,False,False,False,False
668480044826800133,DayZ,False,False,False,False
668286279830867968,Rusty,False,False,False,False
668274247790391296,Sophie,False,False,False,False
668256321989451776,Jareld,False,False,False,False
668248472370458624,Bisquick,False,False,False,False
668237644992782336,Torque,False,False,False,False
668204964695683073,Ron,False,False,False,False
668190681446379520,Skittles,False,False,False,False
668113020489474048,Alfie,False,False,False,False
667924896115245057,Jiminy,False,False,False,False
667915453470232577,Otis,False,False,False,False
667902449697558528,Cleopatricia,False,False,False,False
667886921285246976,Erik,False,False,False,False
667885044254572545,Stu,False,False,False,False
667878741721415682,Tedrick,False,False,False,False
667866724293877760,Shaggy,False,False,False,False
667806454573760512,Filup,False,False,False,False
667766675769573376,Calvin,False,False,False,False
667728196545200128,Olive,False,False,False,False
667546741521195010,George,False,False,False,False
667544320556335104,Kial,False,False,False,False
667534815156183040,Frank,False,False,False,False
667530908589760512,Naphaniel,False,False,False,False
667517642048163840,Dook,False,False,False,False
667502640335572993,Hall,False,False,False,False
667495797102141441,Philippe,False,False,False,False
667455448082227200,Reese,False,False,False,False
667453023279554560,Cupcake,False,False,False,False
667405339315146752,Biden,False,False,False,False
667393430834667520,Fwed,False,False,False,False
667211855547486208,Genevieve,False,False,False,False
667200525029539841,Joshwa,False,False,False,False
667182792070062081,Timison,False,False,False,False
667174963120574464,Clarence,False,False,False,False
667171260800061440,Kenneth,False,False,False,False
667165590075940865,Churlie,False,False,False,False
667160273090932737,Bradlay,False,False,False,False
667152164079423490,Pipsy,False,False,False,False
667119796878725120,Gabe,False,False,False,False
667090893657276420,Clybe,False,False,False,False
667073648344346624,Dave,False,False,False,False
667062181243039745,Keet,False,False,False,False
667012601033924608,Klevin,False,False,False,False
666996132027977728,Carll,False,False,False,False
666817836334096384,Jeph,False,False,False,False
666804364988780544,Jockson,False,False,False,False
666776908487630848,Josep,False,False,False,False
666739327293083650,Lugan,False,False,False,False
666691418707132416,Christoper,False,False,False,False
666644823164719104,Jimothy,False,False,False,False
666454714377183233,Kreggory,False,False,False,False
666447344410484738,Scout,False,False,False,False
666418789513326592,Walter,False,False,False,False
